150040,ROMANIA,SIGHETUL MARMATIEI,23.917,47.933
150100,ROMANIA,SATU MARE,22.883,47.717
150140,ROMANIA,BAIA MARE,23.5,47.667
150150,ROMANIA,OCNA SUGATAG,23.95,47.733
150200,ROMANIA,BOTOSANI,26.65,47.733
150230,ROMANIA,SUCEAVA,26.25,47.633
150800,ROMANIA,ORADEA,21.9,47.033
150900,ROMANIA,IASI,27.633,47.167
151080,ROMANIA,CEAHLAU TOACA,25.95,46.983
151200,ROMANIA,CLUJ-NAPOCA,23.567,46.783
151450,ROMANIA,TG. MURES,24.533,46.533
151500,ROMANIA,BACAU,26.917,46.533
151700,ROMANIA,MIERCUREA CIUC,25.733,46.367
151970,ROMANIA,BARLAD,27.65,46.233
152000,ROMANIA,ARAD,21.35,46.133
152005,ROMANIA,ARAD,21.317,46.167
152300,ROMANIA,DEVA,22.9,45.867
152470,ROMANIA,TIMISOARA,21.25,45.767
152600,ROMANIA,SIBIU,24.15,45.8
152800,ROMANIA,VARFU OMU,25.45,45.45
152920,ROMANIA,CARANSEBES,22.25,45.417
153100,ROMANIA,GALATI,28.033,45.483
153350,ROMANIA,TULCEA,28.817,45.183
153380,ROMANIA,ORAVITA,21.683,45.033
153460,ROMANIA,RIMNICU VALCEA,24.367,45.1
153500,ROMANIA,BUZAU,26.85,45.133
153600,ROMANIA,SULINA,29.733,45.167
153730,ROMANIA,PITESTI,24.817,44.85
153770,ROMANIA,PLOIESTI,26,44.95
153880,ROMANIA,MOLDOVA VECHE,21.633,44.717
154050,ROMANIA,GRIVITA,27.3,44.75
154090,ROMANIA,JURILOVCA,28.883,44.767
154100,ROMANIA,DROBETA TURNU SEVER,22.633,44.633
154200,ROMANIA,BUCURESTI INMH-BANE,26.117,44.483
154210,ROMANIA,BUCURESTI AFUMATI,26.183,44.483
154215,ROMANIA,CAMPIA TURZII,23.883,46.5
154440,ROMANIA,FETESTI,27.85,44.367
154500,ROMANIA,CRAIOVA,23.867,44.317
154600,ROMANIA,CALARASI,27.333,44.2
154700,ROMANIA,ROSIORI DE VEDE,24.983,44.1
154800,ROMANIA,CONSTANTA,28.65,44.217
154810,ROMANIA,KOGALNICEANU,28.433,44.333
154900,ROMANIA,TR. MAGURELE,24.883,43.75
154990,ROMANIA,MANGALIA,28.583,43.817
202920,RUSSIA,GMO IM.E.K. FEDOROV,104.3,77.717
203530,RUSSIA,MYS ZELANIJA,68.55,76.85
203570,RUSSIA,RUSSKAYA GAVAN`,63.567,76.183
204760,RUSSIA,CAPE STERLEGOVA,88.9,75.417
206750,RUSSIA,MAKAROVA,85.25,73.683
207440,RUSSIA,MALYE KARMAKULY,52.7,72.367
207660,RUSSIA,LESKINO,79.5,72.333
208560,RUSSIA,CAPE KHARASOVOY,67.633,71.4
208620,RUSSIA,MONGATALYANG,75.4,71.983
208640,RUSSIA,TAMBEY,71.817,71.483
208710,RUSSIA,SOPOCHNAYA KARGA,82.717,71.9
208910,RUSSIA,HATANGA,102.467,71.983
209460,RUSSIA,CAPE BOLVANSKIJ,59.067,70.45
209630,RUSSIA,GYDA,78.5,70.883
209670,RUSSIA,SEJAHA,72.517,70.167
209730,RUSSIA,KRESTI,89.883,70.85
217110,RUSSIA,UST-OLENEK,119.7,72.967
218020,RUSSIA,SASKYLAH,114.083,71.967
218230,RUSSIA,YAKUTSK,129.767,62.1
218240,RUSSIA,TIKSI,128.917,71.583
218241,RUSSIA,POLYARNY,112.017,66.4
218260,RUSSIA,OZERO KHARGY (LAKE),132.667,71.5
219080,RUSSIA,DZALINDA,113.967,70.133
219310,RUSSIA,JUBILEJNAJA,136.217,70.767
219460,RUSSIA,CHOKURDAH,147.883,70.617
220280,RUSSIA,TERIBERKA,35.117,69.2
221060,RUSSIA,PADUN,31.85,68.6
221130,RUSSIA,MURMANSK,33.05,68.967
221270,RUSSIA,LOVOZERO,35.033,68
222170,RUSSIA,KANDALAKSA,32.35,67.15
222350,RUSSIA,KRASNOSCELE,37.05,67.35
222690,RUSSIA,MYS KONUSIN,43.9,67.15
222710,RUSSIA,SOJNA,44.133,67.883
222820,RUSSIA,MYS MIKULKIN,46.667,67.8
222920,RUSSIA,INDIGA,48.683,67.683
223240,RUSSIA,UMBA,34.35,66.683
223490,RUSSIA,PJALICA,39.533,66.183
223650,RUSSIA,ABRAMOVSKIJ MAJAK,43.25,66.383
224030,RUSSIA,KESTENGA,31.833,65.883
224080,RUSSIA,KALEVALA,31.167,65.217
224220,RUSSIA,GRIDINO,34.767,65.9
224380,RUSSIA,ZIZGIN,36.817,65.2
224710,RUSSIA,MEZEN,44.217,65.867
225220,RUSSIA,KEM,34.65,64.95
225500,RUSSIA,ARHANGELSK,40.583,64.55
225630,RUSSIA,PINEGA,43.383,64.7
225830,RUSSIA,KOJNAS,47.65,64.75
226020,RUSSIA,REBOLY,30.817,63.833
226210,RUSSIA,SEGEZA,34.283,63.767
226410,RUSSIA,ONEGA,38.117,63.9
226760,RUSSIA,SURA,45.633,63.583
226950,RUSSIA,KOSLAN,48.9,63.45
227210,RUSSIA,MEDVEZEGORSK,34.433,62.917
227680,RUSSIA,SENKURSK,42.9,62.1
227780,RUSSIA,VERHNJAJA TOJMA,45.017,62.233
227980,RUSSIA,JARENSK,49.117,62.167
228020,RUSSIA,SORTAVALA,30.717,61.717
228200,RUSSIA,PETROZAVODSK,34.267,61.817
228370,RUSSIA,VYTEGRA,36.45,61.017
228450,RUSSIA,KARGOPOL,38.933,61.5
228540,RUSSIA,NJANDOMA,40.183,61.667
228670,RUSSIA,VELSK,42.067,61.083
228870,RUSSIA,KOTLAS,46.717,61.233
228920,RUSSIA,VYBORG,28.733,60.717
229390,RUSSIA,BELOZERSK,37.783,60.033
229540,RUSSIA,VOZEGA,40.2,60.467
229960,RUSSIA,OBJACEVO,49.65,60.367
230220,RUSSIA,AMDERMA,61.7,69.75
230240,RUSSIA,CAPE BELY,60.333,69.483
230290,RUSSIA,UST-KARA,64.983,69.25
230320,RUSSIA,MARESALE,66.8,69.717
230580,RUSSIA,ANTIPAJETA,76.85,69.083
230740,RUSSIA,DUDINKA,86.167,69.4
230780,RUSSIA,NORILSK,88.1,69.333
232050,RUSSIA,NARJAN-MAR,53.033,67.633
232190,RUSSIA,HOSEDA-HARD,59.383,67.083
232201,RUSSIA,SALEKHARD,66.6,66.583
232203,RUSSIA,KOGALYM,74.533,62.183
232204,RUSSIA,ROSCHINO,65.316,57.183
232205,RUSSIA,UKHTA,53.817,63.55
232260,RUSSIA,VORKUTA,64.016,67.483
232420,RUSSIA,NOVY PORT,72.867,67.683
232560,RUSSIA,TAZOVSKOE,78.733,67.467
232740,RUSSIA,IGARKA,86.567,67.467
233300,RUSSIA,SALEHARD,66.667,66.533
233310,RUSSIA,RA-IZ,65.667,66.9
233330,RUSSIA,JAMBUR,68.883,66.8
233390,RUSSIA,JANGI-JUGAN,68.683,66.05
233410,RUSSIA,JAR-SALE,70.833,66.833
233450,RUSSIA,NYDA,72.9,66.6
234050,RUSSIA,UST-CILMA,52.267,65.433
234120,RUSSIA,UST-USA,56.917,65.967
234180,RUSSIA,PECHORA,57.1,65.117
234260,RUSSIA,MUZI,64.717,65.382
234450,RUSSIA,NADYM,72.667,65.467
234650,RUSSIA,KRASNOSELKUP,82.467,65.683
234710,RUSSIA,UST-BAJHA,86.217,65.867
234720,RUSSIA,TURUHANSK,87.933,65.783
235270,RUSSIA,SARAN-PAUL,60.883,64.283
235520,RUSSIA,TARKO-SALE,77.817,64.917
235780,RUSSIA,VERESCAGINO,87.6,64.25
236060,RUSSIA,UHTA,53.817,63.55
236290,RUSSIA,IGRIM,64.483,63.2
236310,RUSSIA,BEREZOVO,65.05,63.933
236320,RUSSIA,KISLOR WEST,66.7,63.717
236620,RUSSIA,TOL KA,82.083,63.983
236780,RUSSIA,VERHNEIMBATSK,87.95,63.15
237010,RUSSIA,VESLJANA,50.9,62.983
237110,RUSSIA,TROICKO-PECHERSKOE,56.2,62.7
237240,RUSSIA,NJAKSIMVOL,60.867,62.433
237340,RUSSIA,OKTJABRSKOE,66.05,62.45
237760,RUSSIA,BAHTA,89.25,62.333
238030,RUSSIA,UST-KULOM,53.683,61.683
238040,RUSSIA,SYKTYVKAR,50.783,61.683
238470,RUSSIA,SITOMINO,71.267,61.317
238490,RUSSIA,SURGUT,73.5,61.25
238840,RUSSIA,BOR,90.017,61.6
239090,RUSSIA,GAJNY,54.35,60.283
239140,RUSSIA,CHERDYN,56.517,60.4
239210,RUSSIA,IVDEL,60.45,60.683
239290,RUSSIA,SAIM,64.217,60.317
239330,RUSSIA,HANTY-MANSIJSK,69.033,61.017
239331,RUSSIA,NIZHNEVARTOVSK,76.483,60.95
239550,RUSSIA,ALEKSANDROVSKOE,77.867,60.433
239660,RUSSIA,VANZIL-KYNAK,84.083,60.35
239730,RUSSIA,VOROGOVO,89.633,61.033
239870,RUSSIA,JARCEVO,90.233,60.25
241250,RUSSIA,OLENEK,112.433,68.5
241430,RUSSIA,DZARDZAN,124,68.733
241660,RUSSIA,JANSK,134.8,68.45
242660,RUSSIA,VERHOJANSK,133.383,67.55
243430,RUSSIA,ZHIGANSK,123.4,66.767
244770,RUSSIA,IEMA,135.9,65.25
245070,RUSSIA,TURA,100.233,64.266
245570,RUSSIA,TAS-TUMUS,126.617,64.2
246390,RUSSIA,NJURBA,118.333,63.283
246410,RUSSIA,VILJUJSK,121.617,63.767
246520,RUSSIA,SANGARY,127.467,63.967
246560,RUSSIA,BATAMAJ,129.483,63.517
246710,RUSSIA,TOMPO,135.867,63.95
247240,RUSSIA,CHERNISHEVSKIJ,112.5,63.033
247260,RUSSIA,MIRNVY,113.867,62.533
247380,RUSSIA,SUNTAR,117.65,62.15
247710,RUSSIA,TELPY KLJUCH,136.8,62.783
248170,RUSSIA,ERBOGACEN,108.017,61.267
248560,RUSSIA,POKROVSKAJA,129.15,61.483
248910,RUSSIA,KULU,147.35,61.883
249230,RUSSIA,LENSK,114.883,60.717
249440,RUSSIA,OLEKMINSK,120.417,60.4
249510,RUSSIA,ISIT,125.317,60.817
249590,RUSSIA,JAKUTSK,129.717,62.017
249660,RUSSIA,UST-MAJA,134.45,60.383
249820,RUSSIA,UEGA,142.783,60.717
249880,RUSSIA,ARKA,142.333,60.083
250340,RUSSIA,BUHTA AMBARCIK,162.3,69.617
250620,RUSSIA,MYS BILLINGSA,175.767,69.883
251210,RUSSIA,KOLJMSKAJA,158.733,68.733
251230,RUSSIA,CHERSKIJ,161.283,68.75
251730,RUSSIA,MYS SHMIDTA,-179.367,68.9
252060,RUSSIA,SREDNE KOLYMSK,153.717,67.45
252820,RUSSIA,MYS VANKAREM,-175.833,67.833
253250,RUSSIA,UST-OLOJ,159.417,66.55
253720,RUSSIA,AMGUJEMA,-178.917,67.033
253780,RUSSIA,EGVEKINOT,-179.117,66.35
253990,RUSSIA,MYS UELEN,-169.833,66.167
254000,RUSSIA,ZYRJANKA,150.9,65.733
254960,RUSSIA,LAVRENTIJA,-171.033,65.55
255380,RUSSIA,VERHNEE PENZINO,164.233,64.217
255510,RUSSIA,MARKOVO,170.417,64.683
255630,RUSSIA,ANADYR,177.567,64.783
255940,RUSSIA,BUHTA PROVIDENJA,-173.233,64.417
256210,RUSSIA,KEDON,158.917,64
256770,RUSSIA,BERINGOVSKAJA,179.317,63.05
257050,RUSSIA,SREDNIKAN,152.317,62.45
257440,RUSSIA,KAMENSKOE,166.083,62.433
257770,RUSSIA,BUHTA GAVRIILA,179.133,62.417
259020,RUSSIA,ATKA,151.767,60.85
259130,RUSSIA,MAGADAN,150.783,59.55
259140,RUSSIA,NAGAJEVA BAY,150.5,59.483
259270,RUSSIA,BROHOVO,154.267,59.65
259320,RUSSIA,TAJGONOS,160.4,60.683
259410,RUSSIA,CEMURNAUT,163.633,60.867
259540,RUSSIA,KORF,166,60.35
259560,RUSSIA,APUKA,169.667,60.433
260380,ESTONIA,TALLINN,24.817,59.467
260450,ESTONIA,KUNDA,26.533,59.517
260580,ESTONIA,NARVA,28.117,59.367
260590,RUSSIA,KINGISEPP,28.6,59.367
260630,RUSSIA,ST.PETERSBURG,30.3,59.967
260780,RUSSIA,LJUBAN,31.233,59.35
260940,RUSSIA,TIHVIN,33.55,59.65
261148,BELARUS,MINSK 2,28.033,53.883
261350,ESTONIA,TURI,25.417,58.817
261410,ESTONIA,VALKE-MAARJA,26.233,59.133
261670,RUSSIA,NIKOLAEVSKOE,29.8,58.567
262150,ESTONIA,KURESSAARE,22.5,58.233
262290,LATVIA,AINAZI,24.367,57.867
262310,ESTONIA,PJARNU,24.5,58.367
262420,ESTONIA,TARTU,26.733,58.3
262470,LATVIA,VALGA,26.033,57.783
262580,RUSSIA,PSKOV,28.417,57.817
262750,RUSSIA,STARAJA RUSSA,31.317,58.017
262890,RUSSIA,VALDAJ,33.233,57.967
262980,RUSSIA,BOLOGOE,34.05,57.9
263130,LATVIA,KOLKA,22.6,57.75
263140,LATVIA,VENTSPILS,21.533,57.4
263240,LATVIA,MERSRAGS,23.117,57.35
263460,LATVIA,ALUKSNE,27.033,57.433
263480,LATVIA,GULBENE,26.717,57.133
263590,RUSSIA,PUSKINSKIE GORY,28.9,57.017
263780,RUSSIA,HOLM,31.183,57.15
263890,RUSSIA,OSTASKOV,33.117,57.133
264050,LATVIA,VENTSPILS,21.533,57.35
264060,LATVIA,LIEPAJA,21.017,56.483
264160,LATVIA,SALDUS,22.5,56.683
264220,LATVIA,RIGA,24.05,56.967
264225,LATVIA,RIGA,23.967,56.917
264460,LATVIA,REZEKNE,27.267,56.533
264770,RUSSIA,VELIKIE LUKI,30.617,56.35
264980,RUSSIA,RZEV,34.317,56.267
264990,RUSSIA,STARITSA,34.933,56.5
265020,LITHUANIA,PALANGA,21.1,55.967
265021,LITHUANIA,SIAULIAI INTL,23.383,55.883
265090,LITHUANIA,KLAIPEDA,21.067,55.733
265180,LITHUANIA,LAUKUVA,22.233,55.617
265240,LITHUANIA,SIAULIAI,23.317,55.933
265290,LITHUANIA,PANEVEZYS,24.383,55.75
265310,LITHUANIA,BIRZAI,24.767,56.2
265440,LATVIA,DAUGAVPILS,26.617,55.867
265540,BELARUS,VERHNEDVINSK,27.95,55.817
265850,RUSSIA,BELYJ,32.95,55.85
266000,LITHUANIA,SILUTE,21.467,55.35
266210,LITHUANIA,RASEINIAI,23.117,55.383
266290,LITHUANIA,KAUNAS,23.833,54.883
266295,LITHUANIA,KAUNAS INTL,24.083,54.967
266330,LITHUANIA,UTENA,25.6,55.533
266450,BELARUS,LYNTUPY,26.317,55.05
266590,BELARUS,LEPEL,28.7,54.883
266660,BELARUS,VITEBSK,30.217,55.167
266950,RUSSIA,VJAZMA,34.4,55.167
267020,RUSSIA,KALININGRAD,20.55,54.717
267130,LITHUANIA,KYBARTAI,22.783,54.633
267300,LITHUANIA,VILNIUS,25.283,54.633
267370,LITHUANIA,VARENA,24.55,54.25
267630,BELARUS,ORSHA,30.417,54.5
267810,RUSSIA,SMOLENSK,32.067,54.75
268250,BELARUS,GRODNO,24.05,53.6
268320,BELARUS,LIDA,25.317,53.85
268500,BELARUS,MINSK,27.633,53.933
268630,BELARUS,MOGILEV,30.067,53.95
268820,RUSSIA,ROSLAVL,32.833,53.933
268870,BELARUS,KOSTUCKOVICHI,32.067,53.35
268980,RUSSIA,BRJANSK,34.317,53.25
269410,BELARUS,BARANOVICHI,26,53.117
269510,BELARUS,SLUTSK,27.55,53.033
269610,BELARUS,BOBRUISK,29.183,53.217
269970,RUSSIA,TRUBCEVSK,33.767,52.583
270080,RUSSIA,BABAEVO,35.933,59.4
270370,RUSSIA,VOLOGDA,39.917,59.317
270510,RUSSIA,TOT`MA,42.75,59.883
270660,RUSSIA,NIKOL`SK,45.467,59.533
270830,RUSSIA,OPARINO,48.283,59.85
271130,RUSSIA,CEREPOVEC,37.967,59.25
271990,RUSSIA,KIROV,49.633,58.6
272080,RUSSIA,MAKSATIKHA,35.883,57.8
272170,RUSSIA,BEZECK,36.7,57.8
272250,RUSSIA,RYBINSK,38.683,58.1
272420,RUSSIA,BUJ,41.533,58.483
272520,RUSSIA,NIKOLO-POLOMA,43.383,58.35
272710,RUSSIA,SAR`JA,45.533,58.367
273290,RUSSIA,ROSTOV,39.417,57.2
273550,RUSSIA,JUR`EVEC,43.117,57.333
273690,RUSSIA,KRASNYE BAKI,45.167,57.133
273730,RUSSIA,SAKUN`JA,46.633,57.667
273930,RUSSIA,NOLINSK,49.95,57.55
274020,RUSSIA,TVER,35.883,56.9
274590,RUSSIA,NIZNIJ NOVGOROD,44,56.267
274790,RUSSIA,KOZ`MODEM`JANSK,46.583,56.333
275155,RUSSIA,SHEREMETYEVO,37.417,55.967
275185,RUSSIA,VNUKOVO,37.25,55.583
275320,RUSSIA,VLADIMIR,40.35,56.117
275950,RUSSIA,KAZAN`,49.283,55.6
276070,RUSSIA,BEGISHEVO,52.083,55.567
276120,RUSSIA,MOSKVA,37.617,55.833
276480,RUSSIA,ELAT`MA,41.767,54.95
276650,RUSSIA,LUKOJANOV,44.5,55.033
276790,RUSSIA,ALATYR`,46.583,54.817
277030,RUSSIA,KALUGA,36.4,54.567
277070,RUSSIA,SUHINICI,35.583,54.1
277190,RUSSIA,TULA,37.617,54.233
277300,RUSSIA,RJAZAN`,39.7,54.633
277860,RUSSIA,ULYANOVSK,48.333,54.317
278230,RUSSIA,PAVELEC,39.25,53.783
278350,RUSSIA,RJAZSK,40.117,53.717
278570,RUSSIA,ZAMETCINO,42.633,53.483
279060,RUSSIA,OREL,36,52.933
279280,RUSSIA,ELEC,38.517,52.633
279470,RUSSIA,TAMBOV,41.333,52.8
279620,RUSSIA,PENZA,45.017,53.117
279830,RUSSIA,SYZRAN`,48.4,53.183
280090,RUSSIA,KIRS,52.217,59.367
280440,RUSSIA,SEROV,60.533,59.6
280490,RUSSIA,GARI,62.333,59.433
280640,RUSSIA,LEUSI,65.717,59.617
280660,RUSSIA,KONDINSKOJE,67.417,59.667
280760,RUSSIA,DEMJANSKOE,69.283,59.6
280970,RUSSIA,USANOVY,73.367,59.467
281160,RUSSIA,KUDYMKAR,54.65,58.983
281310,RUSSIA,KIZEL,57.567,59.033
281440,RUSSIA,VERHOTUR`E,60.783,58.867
282140,RUSSIA,GLAZOV,52.583,58.133
282160,RUSSIA,VERESCAGINO,54.683,58.083
282240,RUSSIA,PERM,56.3,58.017
282250,RUSSIA,PERM,56.2,57.95
282400,RUSSIA,NIZHNYJ TAGIL,60.067,57.883
282550,RUSSIA,TURINSK,63.683,58.05
282750,RUSSIA,TOBOLSK,68.25,58.15
282780,RUSSIA,VAGAY RIVER,69.033,57.917
283190,RUSSIA,NOZOVKA,54.75,57.083
283210,RUSSIA,OHANSK,55.383,57.717
283340,RUSSIA,SAMARY,58.217,57.35
283660,RUSSIA,JARKOVO,67.083,57.433
283670,RUSSIA,TJUMEN,65.433,57.117
283820,RUSSIA,UST-ISIM,57.683,57.717
283830,RUSSIA,TEVRIZ,72.4,57.517
284110,RUSSIA,IZHEVSK,53.45,56.833
284190,RUSSIA,JANAUL,54.9,56.267
284280,RUSSIA,CERNUSKA,56.133,56.5
284340,RUSSIA,KRASNOUFIMSK,57.783,56.65
284400,RUSSIA,EKATERINBURG,60.633,56.833
284510,RUSSIA,KAMYSLOV,62.717,56.85
284650,RUSSIA,JALTUROVOSK,66.35,56.683
284810,RUSSIA,VIKULOVO,70.617,56.817
284910,RUSSIA,BOL`SIE-UKI,72.667,56.933
284930,RUSSIA,TARA,74.383,56.9
284935,RUSSIA,YEMELYANOVO,92.517,56.167
284980,RUSSIA,KOLOSOVKA,73.65,56.45
285060,RUSSIA,ELABUGA,52.067,55.767
285220,RUSSIA,ASKINO,56.583,56.083
285370,RUSSIA,DUVAN,57.9,55.7
285410,RUSSIA,VERHNIJ UFALEJ,60.3,56.083
285520,RUSSIA,SADRINSK,63.65,56.067
285730,RUSSIA,ISIM,69.433,56.1
285860,RUSSIA,TJUKALINSK,72.2,55.867
285880,RUSSIA,NAZYVOEVSK,71.367,55.567
285930,RUSSIA,BOLSHERECHE,74.633,56.1
285980,RUSSIA,SARGATSKOE,73.483,55.6
286150,RUSSIA,BAKALY,53.8,55.183
286210,RUSSIA,BIRSK,55.533,55.417
286370,RUSSIA,KROPACEVO,57.983,55
286420,RUSSIA,CHELJABINSK-BALANDI,61.533,55.3
286550,RUSSIA,SUMIHA,63.317,55.233
286610,RUSSIA,KURGAN,65.4,55.467
286660,RUSSIA,MAKUSINO,67.3,55.25
286880,RUSSIA,ISILKUL,71.25,54.9
286960,RUSSIA,KALACINSK,74.583,55.033
286980,RUSSIA,OMSK,73.383,55.017
287110,RUSSIA,BUGULMA,52.8,54.583
287220,RUSSIA,UFA,55.833,54.717
287480,RUSSIA,TROIZK,61.617,54.083
287560,RUSSIA,ZVERINOGOLOVSKAJA,64.867,54.467
287854,RUSSIA,ABAKAN,91.383,53.733
287860,RUSSIA,POLTAVKA,71.75,54.367
287910,RUSSIA,SERBAKUL,72.433,54.633
287970,RUSSIA,ODESSKOE,72.967,54.2
287980,RUSSIA,PAVLOGRADKA,73.55,54.2
287990,RUSSIA,CERLAK,74.8,54.167
288070,RUSSIA,SAMARA (SNYSLJAEVKA,50.45,53.25
288250,RUSSIA,STERLITAMAK,56,53.583
288380,RUSSIA,MAGNITOGORSK,59.083,53.35
288950,RUSSIA,RUSSKAJA POLIANA,73.883,53.783
289000,RUSSIA,SAMARA,50.45,53.25
289090,RUSSIA,BUZULUK,52.217,52.817
289250,RUSSIA,MELEUZ,55.967,52.95
290230,RUSSIA,NAPAS,81.95,59.85
291030,RUSSIA,KATYLGA,76.733,59.067
291110,RUSSIA,SREDNY VASJUGAN,78.233,59.217
291220,RUSSIA,KARGASOK,80.95,59.05
291280,RUSSIA,PARABEL`,81.5,58.7
291490,RUSSIA,MAKSIMKIN JAR,86.717,58.633
292030,RUSSIA,KUNTIKI,76.417,58.45
292090,RUSSIA,MAJSK,77.283,57.783
292310,RUSSIA,KOLPASEVO,82.95,58.317
292410,RUSSIA,PALOCKA,84.6,58.383
292470,RUSSIA,BATURINO,85.2,57.75
292630,RUSSIA,ENISEJSK,92.15,58.45
292740,RUSSIA,STRELKA,93,58.083
292820,RUSSIA,BOGUCANY,97.45,58.383
293130,RUSSIA,PUDINO,79.367,57.533
293280,RUSSIA,BAKCHAR,81.917,57.083
293320,RUSSIA,MOLCHANOVO,83.783,57.583
293480,RUSSIA,PERVOMAJSKOE,86.217,57.067
293550,RUSSIA,TUTALO-CULYM RIVER,88.467,57.45
293630,RUSSIA,PIROVSKOE,92.267,57.633
293670,RUSSIA,BIRILIUSSY,90.7,57.133
294010,RUSSIA,SEDELNIKOVO,75.3,56.95
294050,RUSSIA,KYSTOVKA,76.567,56.6
294180,RUSSIA,SEVERNOE,78.35,56.35
294300,RUSSIA,TOMSK,84.917,56.5
294560,RUSSIA,TJUHTET,89.317,56.533
294670,RUSSIA,ACINSK,90.5,56.283
294710,RUSSIA,BOLSHAJA MURTA,93.133,56.9
294770,RUSSIA,SUHOBUZIMSKOE,93.283,56.5
294810,RUSSIA,DZERZHINSKOE,95.217,56.85
295240,RUSSIA,KRESCHENKA,80.033,55.85
295320,RUSSIA,KOZEVNIKOVO,84,56.25
295390,RUSSIA,BOLOTNOE,84.4,55.667
295400,RUSSIA,ANZERO-SUDZENSK,86,56.117
295410,RUSSIA,TAJGA,85.617,56.067
295510,RUSSIA,MARIINSK,87.75,56.217
295530,RUSSIA,BOGOTOL,89.583,56.233
295570,RUSSIA,TISUL,88.317,55.75
295620,RUSSIA,KEMCHUG,91.667,56.1
295700,RUSSIA,KRASNOJARSK OPYTNOE,92.75,56.033
295740,RUSSIA,KRASNOJARSK,92.883,56
295760,RUSSIA,UJAR,94.333,55.8
295780,RUSSIA,SALINSKOE,93.733,55.717
295810,RUSSIA,KANSK,95.633,56.2
295940,RUSSIA,TAJSHET,98,55.95
296020,RUSSIA,CHANY,76.6,55.283
296050,RUSSIA,TATARSK,75.967,55.2
296120,RUSSIA,BARABINSK,78.367,55.333
296130,RUSSIA,UBINSKOE,79.617,55.3
296250,RUSSIA,CULYM,80.967,55.1
296260,RUSSIA,KOCENEVO,82.183,55.033
296310,RUSSIA,KOLYVAN,82.75,55.3
296340,RUSSIA,NOVOSIBIRSK,82.9,55.083
296360,RUSSIA,TOGUCHIN,84.4,55.233
296380,RUSSIA,OGRTSOVO,82.95,54.9
296420,RUSSIA,KEMEROVO,86.117,55.233
296530,RUSSIA,UZUR,89.817,55.3
296540,RUSSIA,CENTRALNYJ RUDNIK,87.65,55.217
296760,RUSSIA,AGINSKOE,94.883,55.25
296980,RUSSIA,NIZHNEUDINSK,99.033,54.883
297060,RUSSIA,KUPINO,77.283,54.367
297120,RUSSIA,ZDVINSK,78.667,54.7
297220,RUSSIA,UZANIHA,81.05,54.667
297240,RUSSIA,KOCHKI,80.5,54.3
297260,RUSSIA,ORDYNSKOE,81.95,54.367
297350,RUSSIA,POSEVNAJA,83.383,54.3
297360,RUSSIA,MASLJANINO,84.217,54.333
297450,RUSSIA,GURJEVSK,86,54.333
297560,RUSSIA,SIRA,89.933,54.5
297660,RUSSIA,IDRINSKOE,92.133,54.367
298130,RUSSIA,KRASNOOZERSK,79.233,53.967
298140,RUSSIA,KARASUK,78.067,53.7
298220,RUSSIA,KAMEN-NA-OBI,81.267,53.817
298270,RUSSIA,BAEVO,80.767,53.267
298370,RUSSIA,SELABOLIHA,82.6,53.4
298380,RUSSIA,BARNAUL,83.517,53.433
298460,RUSSIA,NOVOKUZNETSK,86.883,53.817
298480,RUSSIA,TOGUL,85.917,53.467
298540,RUSSIA,MEZDURECENSK,88.05,53.683
298640,RUSSIA,UYBAT,90.367,53.717
298690,RUSSIA,ERMAKOVSKOE,92.417,53.3
298700,RUSSIA,KURAGINO,92.667,53.883
298920,RUSSIA,HADAMA,98.817,53.95
299150,RUSSIA,SLAVGOROD,78.65,52.967
299230,RUSSIA,REBRIHA,82.3,53.067
299370,RUSSIA,ALEJSKAJA,82.767,52.517
299390,RUSSIA,BIJSK ZONALNAJA,84.95,52.683
299560,RUSSIA,TASTYP,89.917,52.8
299740,RUSSIA,OLEN`JA RECKA,93.017,52.883
299990,RUSSIA,ORLIK (MTN STN),99.817,52.5
300280,RUSSIA,IKA,106.167,59.283
300540,RUSSIA,VITIM,112.583,59.45
300740,RUSSIA,MACA,117.583,59.9
301170,RUSSIA,UST-ILIMSK,102.75,58.2
301570,RUSSIA,MAMA,112.867,58.317
303090,RUSSIA,BRATSK,101.75,56.283
303200,RUSSIA,UST-KUT,105.7,56.867
303720,RUSSIA,CHARA,118.267,56.9
303930,RUSSIA,CULMAN,124.867,56.833
304050,RUSSIA,TANGUJ,101.033,55.383
304330,RUSSIA,NIZHNEANGARSK,109.55,55.783
304390,RUSSIA,TOMPA,109.75,55.117
304930,RUSSIA,NAGORNYJ,124.883,55.967
304990,RUSSIA,TYNDA,124.667,55.183
305040,RUSSIA,TULUN,100.633,54.6
305070,RUSSIA,IKEJ,100.083,54.183
305360,RUSSIA,DAVSA,109.517,54.35
305540,RUSSIA,BAGDARIN,113.583,54.467
306030,RUSSIA,ZIMA,102.05,53.933
306120,RUSSIA,BALAGANSK,103.067,54
306170,RUSSIA,CEREMHOVO,103.083,53.167
306180,RUSSIA,BOHAN,103.767,53.133
306270,RUSSIA,BAJANDAJ,105.533,53.1
306350,RUSSIA,UST-BARGUZIN,109.017,53.417
306360,RUSSIA,BARGUZIN,109.633,53.617
306370,RUSSIA,HUZIR,107.333,53.2
306690,RUSSIA,ZILOVO,117.483,53.067
306830,RUSSIA,EROFEJ PAVLOVIC,121.933,53.967
306860,RUSSIA,IGNASINO,122.4,53.467
306920,RUSSIA,SKOVORODINO,123.967,54
306950,RUSSIA,DZALINDA,123.9,53.467
307030,RUSSIA,INGA,101.983,52.967
307100,RUSSIA,IRKUTSK,104.317,52.267
307130,RUSSIA,USTORDYNSKIJ,104.767,52.817
307260,RUSSIA,SUHAJA,107.133,52.567
307270,RUSSIA,BOLSOJE-GOLOUSTNOJ,105.4,52.033
307290,RUSSIA,KABANSK,106.65,52.05
307310,RUSSIA,GORJACINSK,108.283,52.983
307390,RUSSIA,HORINSK,109.783,52.167
307410,RUSSIA,ZAMOKTA,109.967,52.767
307450,RUSSIA,SOSNOVO-OZERSKOE,111.55,52.533
307580,RUSSIA,CHITA,113.483,52.083
307770,RUSSIA,SRETENSK,117.7,52.233
307910,RUSSIA,IRKUTSK,104.4,52.267
308020,RUSSIA,MONDY,100.983,51.683
308120,RUSSIA,SLJUDJANKA,103.667,51.65
308140,RUSSIA,KULTUK,103.7,51.733
308180,RUSSIA,UNKNOWN,103.667,51.167
308220,RUSSIA,BABUSKIN,105.85,51.717
308230,RUSSIA,ULAN-UDE,107.6,51.833
308240,RUSSIA,TANHOJ,105.117,51.567
308290,RUSSIA,NOVOSELENGINSK,106.65,51.1
308380,RUSSIA,PETROVSKIJ ZAVOD,108.867,51.317
308430,RUSSIA,MOGZON,112,51.733
308440,RUSSIA,HILOK,110.467,51.35
308460,RUSSIA,ULETY,112.467,51.35
308490,RUSSIA,NIKOLAJEVSKOE,111.767,51.05
308580,RUSSIA,KUROT-DARASUA,113.717,51.2
308590,RUSSIA,AGINSKOE,114.517,51.1
308620,RUSSIA,SHILKA,116.033,51.867
308790,RUSSIA,NERCHINSKIJ ZAVOD,119.617,51.317
309240,RUSSIA,PETROPAVLOVKA,105.317,50.633
309570,RUSSIA,AKSA,113.267,50.267
309610,RUSSIA,OLOVJANNAJA,115.583,50.95
309650,RUSSIA,BORZJA,116.517,50.4
309670,RUSSIA,SOLOVEVSK,115.75,49.9
309710,RUSSIA,ALEKSANDROVSKIJ ZAV,117.933,50.917
309750,RUSSIA,PRIARGUNSK,119.067,50.4
309780,RUSSIA,KAJLASTUJ,118.383,49.833
310040,RUSSIA,ALDAN,125.367,58.617
310050,RUSSIA,TOMMOT,126.3,58.95
310870,RUSSIA,ULJA,141.667,58.8
310880,RUSSIA,OHOTSK,143.2,59.367
310970,RUSSIA,USKI,146.333,59.183
311520,RUSSIA,NELKAN,136.15,57.667
311680,RUSSIA,AJAN,138.15,56.45
312350,RUSSIA,JANA,134.333,55.483
312530,RUSSIA,BOMNAK,128.933,54.717
312630,RUSSIA,LOKSAK,130.449,54.733
312860,RUSSIA,CUMIKAN,135.317,54.717
312950,RUSSIA,MAGDAGACI,125.817,53.467
313000,RUSSIA,ZEJA,127.3,53.7
313110,RUSSIA,OGORON,129.067,53.967
313290,RUSSIA,EKIMCHAN,132.983,53.067
313460,RUSSIA,TUGUR,136.867,53.85
313480,RUSSIA,BURUKAN,136.033,53.05
313620,RUSSIA,ALEKSANDRA,139.783,54.283
313690,RUSSIA,NIKOLAEVSK-NA-AMURE,140.7,53.15
313710,RUSSIA,CHERNJAEVO,126,52.783
313880,RUSSIA,NORSK,129.917,52.35
314160,RUSSIA,IM POLINY OSIPENKO,136.5,52.417
314180,RUSSIA,VESELAJA GORKA,135.8,52.283
314370,RUSSIA,SOMNITELNIJ-PRIISK,139.067,52.167
314390,RUSSIA,BOGORODSKOE,140.467,52.383
314420,RUSSIA,SIMANOVSK,127.65,51.983
314450,RUSSIA,SVOBODNYJ,128.116,51.45
314780,RUSSIA,SOFIJSKIJ PRIISK,133.983,52.267
314840,RUSSIA,HULARIN,135.083,51.417
314890,RUSSIA,GORIN,136.8,51.2
315040,RUSSIA,SUHANOVKA,139.1,51.35
315100,RUSSIA,BLAGOVESCENSK,127.567,50.25
315130,RUSSIA,BELOGORSK,128.467,50.917
315210,RUSSIA,BRATOLJUBOVKA,129.333,50.783
315270,RUSSIA,ZAVITAJA,129.467,50.117
315610,RUSSIA,KOMSOMOLSK-ON-AMUR,137.033,50.6
315620,RUSSIA,NIZNETAMBOVSKOE,138.2,50.933
315730,RUSSIA,SIZEMAN,140.433,50.733
315870,RUSSIA,POJARKOVO,128.65,49.617
315940,RUSSIA,ARHARA,130.083,49.417
316240,RUSSIA,URMI,133.233,49.4
316320,RUSSIA,KUR,134.633,49.933
316550,RUSSIA,TROICKOE,136.567,49.45
316770,RUSSIA,SOLEKUL,138.75,49.017
317020,RUSSIA,OBLUCE,131.083,49
317070,RUSSIA,EKATERINO-NIKOLSKOE,130.967,47.733
317100,RUSSIA,LENINSKOE,132.617,47.95
317130,RUSSIA,BIROBIDZHAN,132.95,48.733
317250,RUSSIA,SMIDOVICH,133.833,48.617
317350,RUSSIA,HABAROVSK,135.167,48.517
317700,RUSSIA,SOVETSKAYA GAVAN,140.3,48.967
317860,RUSSIA,VJAZEMSKAJA,134.817,47.55
318230,RUSSIA,GROSSEVICHI,139.533,47.967
318250,RUSSIA,AGZU,138.4,47.6
318290,RUSSIA,ZOLOTOJ,138.983,47.317
318320,RUSSIA,BIKIN,134.267,46.8
318450,RUSSIA,KRASNYJ JAR,135.317,46.533
318660,RUSSIA,SOSUNOVO,138.333,46.533
318690,RUSSIA,KHUCIN,137.883,46.033
318730,RUSSIA,DALNERECHENSK,133.733,45.867
318780,RUSSIA,KIROVSKIJ,133.533,45.083
318950,RUSSIA,UST-KOLUMBE,135.5,45.267
319090,RUSSIA,TERNEJ,136.6,45
319130,RUSSIA,TURIJ ROG,131.983,45.217
319150,RUSSIA,POGRANICHNYJ,131.383,44.4
319170,RUSSIA,POLTAVKA,131.317,44.033
319210,RUSSIA,ASTRAHANKA,132.067,44.717
319390,RUSSIA,CUGUEVKA,133.867,44.15
319420,RUSSIA,ZURAVLEVKA,134.467,44.75
319430,RUSSIA,ZAVETNOJE,134.7,44.7
319590,RUSSIA,RUDNAJA PRISTAN,135.85,44.367
319600,RUSSIA,VLADIVOSTOK,131.933,43.117
319690,RUSSIA,POSET,130.8,42.65
319810,RUSSIA,ANUCINO,133.067,43.967
319811,RUSSIA,ALYKEL,87.317,69.3
319870,RUSSIA,PARTIZANSK,133.017,43.15
319890,RUSSIA,PREOBRAZHENIE,133.9,42.9
320040,RUSSIA,RYBNOVSK,141.917,53.25
320100,RUSSIA,OHA,142.933,53.567
320130,RUSSIA,KAJGAN,142.75,53.567
320270,RUSSIA,POGIBI,141.633,52.217
320530,RUSSIA,NOGLIKI,143.133,51.917
320590,RUSSIA,KONGI,143.55,51.1
320610,RUSSIA,ALEKSANDROVSK-SAHAL,142.167,50.9
320690,RUSSIA,PILVO,142.167,50.05
320760,RUSSIA,POGRANICHNOE,143.767,50.4
320880,RUSSIA,UGLEGORSK,142.033,49.067
320980,RUSSIA,PORONAJSK,143.1,49.217
321210,RUSSIA,ILYINSKIY,142.2,47.983
321280,RUSSIA,HOLMSK,142.05,47.05
321330,RUSSIA,DOLINSK,142.8,47.333
321500,RUSSIA,JUZHNO-SAHALINSK,142.717,46.95
321560,RUSSIA,KORSAKOV,142.85,46.633
322520,RUSSIA,UST-VOJAMPOLKA,159.167,58.5
322870,RUSSIA,UST-HAJRJUZOVO,156.7,57.083
323890,RUSSIA,KLJUCHI,160.833,56.317
324080,RUSSIA,UST-KAMCHATSK,162.467,56.217
324110,RUSSIA,ICA,155.583,55.583
324770,RUSSIA,SOBOLEVO,155.933,54.3
325090,RUSSIA,SEMJACHIK,159.983,54.117
325190,RUSSIA,STOROZ BAY,161.167,54.6
325400,RUSSIA,PETROPAVLOVSK-KAMCH,158.583,53.083
325640,RUSSIA,OKTIABRSKAYA,156.233,52.667
325830,RUSSIA,PETROPAVLOVSK-KAMCH,158.65,52.983
325940,RUSSIA,OZERNAJA,156.483,51.483
325960,RUSSIA,HODUTKA,158.033,51.783
330001,UKRAINE,LUHANSK,39.367,48.417
330002,UKRAINE,DONETSK,37.733,48.067
330003,UKRAINE,LOZUVATKA,33.2,48.033
330004,UKRAINE,DNIPROPETROVSK,34.667,48.533
330080,BELARUS,BREST,23.683,52.117
330190,BELARUS,PINSK,26.117,52.117
330270,BELARUS,ZHITCKOVICHI,27.867,52.217
330360,BELARUS,MOZYR,29.167,51.95
330410,BELARUS,GOMEL,30.95,52.4
330490,UKRAINE,SEMENOVKA,32.583,52.183
330880,UKRAINE,SARNY,26.617,51.283
331350,UKRAINE,CHERNIHIV,31.25,51.467
331770,UKRAINE,VOLODYMYR-VOLYNSKYI,24.317,50.833
332460,UKRAINE,NIZHYN,31.9,51.05
332610,UKRAINE,KONOTOP,33.2,51.233
332750,UKRAINE,SUMY,34.667,50.85
333010,UKRAINE,RIVNE,26.133,50.583
333011,UKRAINE,UZHHOROD,22.267,48.633
333012,UKRAINE,MYKOLAIV,31.917,47.05
333170,UKRAINE,SHEPETIVKA,27.033,50.167
333250,UKRAINE,ZHYTOMYR,28.733,50.233
333450,UKRAINE,KYIV,30.567,50.4
333451,UKRAINE,HOSTOMEL,30.2,50.6
333460,UKRAINE,KIEV/BORISPOL,30.917,50.35
333470,UKRAINE,BORYSPIL,30.967,50.333
333560,UKRAINE,YAHOTYN,31.8,50.217
333770,UKRAINE,LUBNY,33.017,50
333930,UKRAINE,LVIV,23.95,49.817
333931,UKRAINE,CHERNIVTSI,25.983,48.25
334150,UKRAINE,TERNOPIL,25.667,49.533
334290,UKRAINE,KHMELNYTSKYI,26.983,49.433
334660,UKRAINE,MYRONIVKA,31,49.667
335060,UKRAINE,POLTAVA,34.55,49.6
335260,UKRAINE,IVANO-FRANKIVSK,24.7,48.967
335620,UKRAINE,VINNYTSIA,28.6,49.233
335870,UKRAINE,UMAN,30.233,48.767
336140,UKRAINE,SVITLOVODSK,33.25,49.05
336150,UKRAINE,KREMENCUG,33.433,49.033
336210,UKRAINE,KOBELIAKY,34.2,49.15
336310,UKRAINE,UZHHOROD,22.267,48.633
336630,UKRAINE,MOHYLIV-PODILSKYI,27.783,48.45
337110,UKRAINE,KIROVOHRAD,32.2,48.517
337610,UKRAINE,LIUBASHIVKA,30.267,47.85
337770,UKRAINE,VOZNESENSK,31.333,47.567
337910,UKRAINE,KRYVYI RIH,33.217,48.033
338370,UKRAINE,ODESA,30.767,46.433
338690,UKRAINE,NOVA KAKHOVKA,33.367,46.783
338890,UKRAINE,IZMAIL,28.85,45.367
339020,UKRAINE,KHERSON,32.567,46.633
339100,UKRAINE,HENICHESK,34.817,46.167
339240,UKRAINE,CHORNOMORSKE,32.7,45.517
339460,UKRAINE,SIMFEROPOL,34.133,44.683
339760,UKRAINE,FEODOSIIA,35.383,45.033
339900,UKRAINE,YALTA,34.167,44.483
340090,RUSSIA,KURSK,36.167,51.767
340470,RUSSIA,ZERDEVKA,41.483,51.833
341160,RUSSIA,STARYJ OSKOL,37.883,51.3
341220,RUSSIA,VORONEZ,39.25,51.65
341230,RUSSIA,VORONEZ,39.217,51.7
341520,RUSSIA,BALASOV,43.15,51.55
341720,RUSSIA,SARATOV,46.033,51.567
341860,RUSSIA,ERSOV,48.3,51.367
342400,RUSSIA,URJUPINSK,42,50.8
342470,RUSSIA,KALAC,41.05,50.417
342620,RUSSIA,RUDNYA,44.567,50.833
343000,UKRAINE,KHARKIV,36.133,49.967
343020,UKRAINE,BOHODUKHIV,35.533,50.2
343210,RUSSIA,VALUJKI,38.1,50.217
343360,RUSSIA,BOGUCAR,40.567,49.933
343570,RUSSIA,SERAFIMOVIC,42.75,49.567
343630,RUSSIA,KAMYSIN,45.367,50.067
343910,RUSSIA,ALEKSANDROV-GAJ,48.55,50.15
344150,UKRAINE,IZIUM,37.3,49.183
345040,UKRAINE,DNIPROPETROVSK,34.967,48.6
345190,UKRAINE,DONETSK,37.767,48.067
345230,UKRAINE,LUHANSK,39.25,48.567
345450,RUSSIA,MOROZOVSK,41.867,48.35
345600,RUSSIA,VOLGOGRAD,44.367,48.783
345790,RUSSIA,VERHNIJ BASKUNCAK,46.733,48.217
346010,UKRAINE,ZAPORIZHZHIA,35.017,47.8
346070,UKRAINE,PRYSHYB,35.333,47.267
346090,UKRAINE,KYRYLIVKA,36.333,47.333
346550,RUSSIA,KOTEL`NIKOVO,43.15,47.633
347120,UKRAINE,MARIUPOL,37.5,47.033
347170,UKRAINE,BERDYANSK,36.783,46.75
347300,RUSSIA,ROSTOV-NA-DONU,39.817,47.267
347310,RUSSIA,ROSTOV-NA-DONU,39.817,47.25
347470,RUSSIA,CELINA,41.05,46.55
347590,RUSSIA,REMONTNOE,43.667,46.567
348240,RUSSIA,PRIMORSKO-AHTARSK,38.15,46.033
348380,RUSSIA,TIHORECK,40.083,45.85
348580,RUSSIA,DIVNOE,43.35,45.917
348610,RUSSIA,ELISTA,44.333,46.367
348660,RUSSIA,JASKUL,45.35,46.183
348800,RUSSIA,ASTRAHAN,48.05,46.283
349290,RUSSIA,KRASNODAR,39.15,45.033
349490,RUSSIA,STAVROPOL,42.083,45.117
349540,RUSSIA,SVETLOGRAD,42.85,45.35
350260,RUSSIA,ZILAIR,57.4,52.217
350370,RUSSIA,AKJAR,58.183,51.867
351210,RUSSIA,ORENBURG,55.1,51.683
353942,RUSSIA,ASTRAKHAN,48,46.283
353943,RUSSIA,OKHA,142.95,53.617
353944,RUSSIA,NOVYI URENGOI,76.467,66.067
360200,RUSSIA,RODINO,80.2,52.5
360210,RUSSIA,KLJUCI,79.133,52.25
360220,RUSSIA,VOLCIHA,80.367,52.017
360340,RUSSIA,RUBCOVSK,81.217,51.5
360380,RUSSIA,ZMEINOGORSK,82.2,51.15
360520,RUSSIA,MAJMA,85.9,52.017
360640,RUSSIA,YAJLJU,87.6,51.767
360870,RUSSIA,CADAN,91.667,51.283
360960,RUSSIA,KYZYL,94.5,51.717
362590,RUSSIA,KOS-AGAC,88.667,50
370008,RUSSIA,DOMODEDOVO,37.9,55.4
370010,RUSSIA,ANAPA,37.283,44.883
370180,RUSSIA,TUAPSE,39.067,44.1
370310,RUSSIA,ARMAVIR,41.117,44.983
370540,RUSSIA,MINERALNYE VODY,43.067,44.233
370610,RUSSIA,BUDENNOVSK,44.133,44.783
370850,RUSSIA,KOCUBEJ,46.55,44.4
371450,RUSSIA,MOZDOK,44.667,43.733
371710,RUSSIA,ADLER,39.9,43.433
372120,RUSSIA,NALCIK,43.633,43.533
372280,RUSSIA,WLADIKAVKAZ,44.65,43.05
372350,RUSSIA,GROZNYJ,45.683,43.35
374720,RUSSIA,MAHACKALA,47.483,43.017
377351,RUSSIA,MAYKOP,40.1,44.65
377352,RUSSIA,UYTASH,47.65,42.817
378650,RUSSIA,ORSK,58.6,51.067
384020,RUSSIA,KHATANGA,102.467,71.983